RTS_Time,
Test_Site,
CTS_ID,1
Tester,
Environment,
Toy_TPC,
SLOT0_FEMBID,
SLOT1_FEMBID,
SLOT2_FEMBID,
SLOT3_FEMBID,
Test_01_PowerConsumption,SE_OFF_Interface,BIAS_Voltage,4,BIAS_Current,,BIAS_Power,








































































































































































































































































































































































































































































































1,2,3,4,5
